{
    "RDATA.a00000.cou.float": [
        [
            1612006530000,
            91.89916101927
        ],
        [
            1612006560000,
            50.12681510142
        ],
        [
            1612006590000,
            50.12681510142
        ],
        [
            1612006620000,
            50.12681510142
        ]
    ],
    "RDATA.a00000.flag.string": [
        [
            1612006530000,
            "N"
        ],
        [
            1612006560000,
            "N"
        ],
        [
            1612006590000,
            "N"
        ],
        [
            1612006620000,
            "N"
        ]
    ],
    "RDATA.a00000.src_time.float": [
        [
            1612006530000,
            1612006528.46
        ],
        [
            1612006560000,
            1612006557.46
        ],
        [
            1612006590000,
            1612006588.47
        ],
        [
            1612006620000,
            1612006617.47
        ]
    ],
    "RDATA.a00000.value.float": [
        [
            1612006530000,
            1.670893836714
        ],
        [
            1612006560000,
            1.670893836714
        ],
        [
            1612006590000,
            1.670893836714
        ],
        [
            1612006620000,
            1.670893836714
        ]
    ]
}
